sample_id,method,threshold_policy,threshold_value,precision,recall,f1,iou,tp,fp,fn,tn,gt_changed_pixels,pred_changed_pixels
test_1,B1_Pixel_Diff,validation_f1,0.4099999964237213,0.03542472246476238,0.0645992872848586,0.04575725026852846,0.02341431241068484,852,23199,12337,1012188,13189,24051
test_1,B2_SSIM,validation_f1,0.8999999761581421,0.020794292183961897,0.646144514368034,0.04029190592251302,0.02056015691534919,8522,401302,4667,634085,13189,409824
test_1,B3_CVA,validation_f1,0.4050000011920929,0.0386595957266928,0.07627568428235651,0.05131213179975007,0.026331631985342233,1006,25016,12183,1010371,13189,26022
test_10,B1_Pixel_Diff,validation_f1,0.4099999964237213,0.03581832459406743,0.013899537992725843,0.020027335755309583,0.010114955684476333,1414,38063,100316,908783,101730,39477
test_10,B2_SSIM,validation_f1,0.8999999761581421,0.13000960756780724,0.4323110193649857,0.1999022738377973,0.11105078959462257,43979,294296,57751,652550,101730,338275
test_10,B3_CVA,validation_f1,0.4050000011920929,0.035892061828661254,0.014813722599036665,0.02097177091088737,0.010597004430068209,1507,40480,100223,906366,101730,41987
test_100,B1_Pixel_Diff,validation_f1,0.4099999964237213,0.05435799982982103,0.032252635830465406,0.04048437607270922,0.020660399732649146,3833,66681,115010,863052,118843,70514
test_100,B2_SSIM,validation_f1,0.8999999761581421,0.14892457131529388,0.5309946736450611,0.2326104305163653,0.13161242689936514,63105,360633,55738,569100,118843,423738
test_100,B3_CVA,validation_f1,0.4050000011920929,0.05409758780545297,0.03476014573849533,0.042324735534438156,0.0216198959565404,4131,72231,114712,857502,118843,76362
test_101,B1_Pixel_Diff,validation_f1,0.4099999964237213,0.1610305336140134,0.16886746597537264,0.16485591419109288,0.08983268151308489,8338,43441,41038,955759,49376,51779
test_101,B2_SSIM,validation_f1,0.8999999761581421,0.05798671309528365,0.39897926117952043,0.10125697426685068,0.053328424591712706,19700,320033,29676,679167,49376,339733
test_101,B3_CVA,validation_f1,0.4050000011920929,0.1579094362106204,0.17176360985093972,0.16454541926972177,0.0896483198207245,8481,45227,40895,953973,49376,53708
test_102,B1_Pixel_Diff,validation_f1,0.4099999964237213,0.7836856159026135,0.8263058109773438,0.8044315858931232,0.6728444615978387,87167,24060,18323,919026,105490,111227
test_102,B2_SSIM,validation_f1,0.8999999761581421,0.1498614542526037,0.4163048630201915,0.22038772099745568,0.12384030139474025,43916,249128,61574,693958,105490,293044
test_102,B3_CVA,validation_f1,0.4050000011920929,0.7734107514736508,0.8308465257370367,0.8011004780315701,0.6681965113442303,87646,25678,17844,917408,105490,113324
test_103,B1_Pixel_Diff,validation_f1,0.4099999964237213,0.06644489034392931,0.20732644991212654,0.10063714643704513,0.05298468707454349,3775,53039,14433,977329,18208,56814
test_103,B2_SSIM,validation_f1,0.8999999761581421,0.024766540362392557,0.4907183655536028,0.047153257321684426,0.02414590776182163,8935,351834,9273,678534,18208,360769
test_103,B3_CVA,validation_f1,0.4050000011920929,0.0641327371146152,0.20952328646748683,0.09820578165624115,0.0516384899633184,3815,55671,14393,974697,18208,59486
test_104,B1_Pixel_Diff,validation_f1,0.4099999964237213,0.483325922632281,0.8559504435928396,0.617800848742043,0.44696948929521096,16305,17430,2744,1012097,19049,33735
test_104,B2_SSIM,validation_f1,0.8999999761581421,0.030768305982773872,0.3761877263898367,0.05688407666570087,0.029274669608023367,7166,225736,11883,803791,19049,232902
test_104,B3_CVA,validation_f1,0.4050000011920929,0.47081218274111675,0.8569478712793323,0.6077325440702891,0.43650560205364064,16324,18348,2725,1011179,19049,34672
test_105,B1_Pixel_Diff,validation_f1,0.4099999964237213,0.04453191691169496,0.01775550723267467,0.025388327858214706,0.012857377587906671,939,20147,51946,975544,52885,21086
test_105,B2_SSIM,validation_f1,0.8999999761581421,0.06330689667573093,0.43273139831710317,0.1104547056069579,0.05845570674316016,22885,338608,30000,657083,52885,361493
test_105,B3_CVA,validation_f1,0.4050000011920929,0.0461403122938201,0.01983549210551196,0.027743983073261043,0.01406713065400759,1049,21686,51836,974005,52885,22735
test_106,B1_Pixel_Diff,validation_f1,0.4099999964237213,0.10588235294117647,0.09119106699751861,0.09798911232085324,0.05151869158878505,2205,18620,21975,1005776,24180,20825
test_106,B2_SSIM,validation_f1,0.8999999761581421,0.04422499773235476,0.4637717121588089,0.08074974707197557,0.04207358938668007,11214,242353,12966,782043,24180,253567
test_106,B3_CVA,validation_f1,0.4050000011920929,0.10420458682198762,0.09470636889991729,0.09922870266054251,0.0522044407969726,2290,19686,21890,1004710,24180,21976
test_107,B1_Pixel_Diff,validation_f1,0.4099999964237213,0.0183519800018291,0.2619669277632724,0.034301017065040885,0.0174497811530769,602,32201,1696,1014077,2298,32803
test_107,B2_SSIM,validation_f1,0.8999999761581421,0.00284239391140609,0.5182767624020888,0.0056537806988186876,0.002834904313053413,1191,417822,1107,628456,2298,419013
test_107,B3_CVA,validation_f1,0.4050000011920929,0.017622362169925975,0.27763272410791995,0.03314113552542725,0.016849778153391084,638,35566,1660,1010712,2298,36204
test_108,B1_Pixel_Diff,validation_f1,0.4099999964237213,0.0,0.0,0.0,0.0,0,10378,0,1038198,0,10378
test_108,B2_SSIM,validation_f1,0.8999999761581421,0.0,0.0,0.0,0.0,0,543107,0,505469,0,543107
test_108,B3_CVA,validation_f1,0.4050000011920929,0.0,0.0,0.0,0.0,0,11347,0,1037229,0,11347
test_109,B1_Pixel_Diff,validation_f1,0.4099999964237213,0.009792030293169246,0.1411212960989128,0.01831334633525596,0.00924129266420046,662,66944,4029,976941,4691,67606
test_109,B2_SSIM,validation_f1,0.8999999761581421,0.002891426011109273,0.29439351950543596,0.005726607368704775,0.0028715257345678885,1381,476238,3310,567647,4691,477619
test_109,B3_CVA,validation_f1,0.4050000011920929,0.009274896868684072,0.1428266894052441,0.017418658763275228,0.008785848227750167,670,71568,4021,972317,4691,72238
test_11,B1_Pixel_Diff,validation_f1,0.4099999964237213,0.019117110543597226,0.023319982198486872,0.021010425020048115,0.01061674365831915,262,13443,10973,1023898,11235,13705
test_11,B2_SSIM,validation_f1,0.8999999761581421,0.029234447415572462,0.4777926123720516,0.05509766286553009,0.028329269708580053,5368,178251,5867,859090,11235,183619
test_11,B3_CVA,validation_f1,0.4050000011920929,0.018499486125385406,0.02403204272363151,0.020905923344947737,0.01056338028169014,270,14325,10965,1023016,11235,14595
test_110,B1_Pixel_Diff,validation_f1,0.4099999964237213,0.04517892575171017,0.37054739956754296,0.08053824082319185,0.04195876288659794,3256,68813,5531,970976,8787,72069
test_110,B2_SSIM,validation_f1,0.8999999761581421,0.010730365805313667,0.637646523273017,0.021105565495809397,0.010665331676016042,5603,516560,3184,523229,8787,522163
test_110,B3_CVA,validation_f1,0.4050000011920929,0.04390610231377779,0.3859110048935928,0.07884212973727041,0.041038860448510815,3391,73842,5396,965947,8787,77233
test_111,B1_Pixel_Diff,validation_f1,0.4099999964237213,0.05210779206642927,0.10779772244740397,0.07025525446826354,0.03640650123853809,3351,60958,27735,956532,31086,64309
test_111,B2_SSIM,validation_f1,0.8999999761581421,0.0312703333077516,0.6029402303287653,0.05945704170843431,0.030639384433302982,18743,580643,12343,436847,31086,599386
test_111,B3_CVA,validation_f1,0.4050000011920929,0.0514518963989483,0.11394196744515216,0.0708917509782141,0.036748456710068995,3542,65299,27544,952191,31086,68841
test_112,B1_Pixel_Diff,validation_f1,0.4099999964237213,0.03292513164000242,0.18244829513694802,0.05578342904019688,0.02869198312236287,1632,47935,7313,991696,8945,49567
test_112,B2_SSIM,validation_f1,0.8999999761581421,0.011993502701482504,0.5464505310229179,0.02347184507045635,0.011875290018974225,4888,402666,4057,636965,8945,407554
test_112,B3_CVA,validation_f1,0.4050000011920929,0.03363937387116195,0.19988820570150923,0.05758732305908498,0.029647316320947123,1788,51364,7157,988267,8945,53152
test_113,B1_Pixel_Diff,validation_f1,0.4099999964237213,0.04824789892231505,0.13721885041056767,0.07139307987721913,0.03701795276803945,7687,151636,48333,840920,56020,159323
test_113,B2_SSIM,validation_f1,0.8999999761581421,0.06340132931575888,0.4634951802927526,0.11154452544710174,0.05906653715174857,25965,383569,30055,608987,56020,409534
test_113,B3_CVA,validation_f1,0.4050000011920929,0.04925925704408572,0.147018921813638,0.07379366266906194,0.038310362311087955,8236,158961,47784,833595,56020,167197
test_114,B1_Pixel_Diff,validation_f1,0.4099999964237213,0.08489404586806124,0.22397240586375394,0.12312067943906775,0.06559861259607856,7792,83993,26998,929793,34790,91785
test_114,B2_SSIM,validation_f1,0.8999999761581421,0.039382342754299145,0.5327392929002587,0.07334287020163947,0.038067422099808366,18534,452083,16256,561703,34790,470617
test_114,B3_CVA,validation_f1,0.4050000011920929,0.08256662846049792,0.22983615981603908,0.12148929219876475,0.06467319653501784,7996,88847,26794,924939,34790,96843
test_115,B1_Pixel_Diff,validation_f1,0.4099999964237213,0.2602062741727546,0.3080760318329379,0.2821249775261267,0.16422904683708878,55706,158378,125113,709379,180819,214084
test_115,B2_SSIM,validation_f1,0.8999999761581421,0.2030749769070681,0.6054839369756497,0.3041426775656474,0.17934449646333434,109483,429643,71336,438114,180819,539126
test_115,B3_CVA,validation_f1,0.4050000011920929,0.2589196501993934,0.32388189294266645,0.2877802483998968,0.16807436553103683,58564,167622,122255,700135,180819,226186
test_116,B1_Pixel_Diff,validation_f1,0.4099999964237213,0.12126981968197839,0.8401381909547738,0.21194624092543257,0.11853460213362284,10700,77533,2036,958307,12736,88233
test_116,B2_SSIM,validation_f1,0.8999999761581421,0.012170222343692224,0.35662688442211055,0.02353721543651637,0.011908757210277924,4542,368664,8194,667176,12736,373206
test_116,B3_CVA,validation_f1,0.4050000011920929,0.11750134271590323,0.8417085427135679,0.20621531418018832,0.11496101834872224,10720,80513,2016,955327,12736,91233
test_117,B1_Pixel_Diff,validation_f1,0.4099999964237213,0.0,0.0,0.0,0.0,0,18174,0,1030402,0,18174
test_117,B2_SSIM,validation_f1,0.8999999761581421,0.0,0.0,0.0,0.0,0,227569,0,821007,0,227569
test_117,B3_CVA,validation_f1,0.4050000011920929,0.0,0.0,0.0,0.0,0,19610,0,1028966,0,19610
test_118,B1_Pixel_Diff,validation_f1,0.4099999964237213,0.19111146423205824,0.17700103689333377,0.18378581128248586,0.10119170548505779,26459,111989,123026,787102,149485,138448
test_118,B2_SSIM,validation_f1,0.8999999761581421,0.15517705301478152,0.5902665819312974,0.24574850299401196,0.14008738394320044,88236,480379,61249,418712,149485,568615
test_118,B3_CVA,validation_f1,0.4050000011920929,0.1917379193747315,0.1851155634344583,0.18836855486765122,0.103977304751348,27672,116650,121813,782441,149485,144322
test_119,B1_Pixel_Diff,validation_f1,0.4099999964237213,0.13192635832959138,0.2057501559774374,0.1607684731024465,0.08741067709601164,16159,106326,62378,863713,78537,122485
test_119,B2_SSIM,validation_f1,0.8999999761581421,0.0908957157081942,0.44051848173472374,0.15069692481923513,0.08148849522921216,34597,346026,43940,624013,78537,380623
test_119,B3_CVA,validation_f1,0.4050000011920929,0.13361484644031352,0.2183684123406802,0.16578778197214958,0.09038636878692534,17150,111204,61387,858835,78537,128354
test_12,B1_Pixel_Diff,validation_f1,0.4099999964237213,0.03948128651216537,0.0117084872253741,0.018060878375401965,0.009112731152204836,1230,29924,103822,913600,105052,31154
test_12,B2_SSIM,validation_f1,0.8999999761581421,0.11483642354959205,0.3874652553021361,0.17716494306904837,0.09719197707736389,40704,313748,64348,629776,105052,354452
test_12,B3_CVA,validation_f1,0.4050000011920929,0.04025334694122591,0.012765106804249323,0.01938337452842461,0.009786535303776683,1341,31973,103711,911551,105052,33314
test_120,B1_Pixel_Diff,validation_f1,0.4099999964237213,0.11939239068710959,0.0728098412523513,0.09045619215707364,0.04737057709048082,9251,68233,117806,853286,127057,77484
test_120,B2_SSIM,validation_f1,0.8999999761581421,0.13945898510684976,0.5653446878172789,0.22372867630340462,0.1259541114686259,71831,443238,55226,478281,127057,515069
test_120,B3_CVA,validation_f1,0.4050000011920929,0.12244923016477174,0.07849233021399844,0.09566289214064067,0.05023422152823251,9973,71473,117084,850046,127057,81446
test_121,B1_Pixel_Diff,validation_f1,0.4099999964237213,0.06821705426356589,0.05239503706833634,0.05926827148692101,0.030539136664875514,1364,18631,24669,1003912,26033,19995
test_121,B2_SSIM,validation_f1,0.8999999761581421,0.05234316499888166,0.41351361733184805,0.09292388700662509,0.04872584076404291,10765,194897,15268,827646,26033,205662
test_121,B3_CVA,validation_f1,0.4050000011920929,0.0644269321166874,0.053701071716667305,0.05857705522500629,0.030172227737730394,1398,20301,24635,1002242,26033,21699
test_122,B1_Pixel_Diff,validation_f1,0.4099999964237213,0.0,0.0,0.0,0.0,0,2479,0,1046097,0,2479
test_122,B2_SSIM,validation_f1,0.8999999761581421,0.0,0.0,0.0,0.0,0,231112,0,817464,0,231112
test_122,B3_CVA,validation_f1,0.4050000011920929,0.0,0.0,0.0,0.0,0,2635,0,1045941,0,2635
test_123,B1_Pixel_Diff,validation_f1,0.4099999964237213,0.0036213991769547325,0.005662805662805663,0.004417670682730923,0.0022137250955926746,22,6053,3863,1038638,3885,6075
test_123,B2_SSIM,validation_f1,0.8999999761581421,0.004990437153416174,0.34723294723294723,0.00983946141895391,0.004944054124381993,1349,268968,2536,775723,3885,270317
test_123,B3_CVA,validation_f1,0.4050000011920929,0.005786675007819831,0.009523809523809525,0.007199143885591983,0.0036125756688146844,37,6357,3848,1038334,3885,6394
test_124,B1_Pixel_Diff,validation_f1,0.4099999964237213,0.025851763299462045,0.007993715922742815,0.012211477377002894,0.006143247753986009,173,6519,21469,1020415,21642,6692
test_124,B2_SSIM,validation_f1,0.8999999761581421,0.08575127379835386,0.3336105720358562,0.13643363977361841,0.07321104452488872,7220,76977,14422,949957,21642,84197
test_124,B3_CVA,validation_f1,0.4050000011920929,0.025424939294386516,0.008224748174845208,0.012428865691442935,0.006253293518355876,178,6823,21464,1020111,21642,7001
test_125,B1_Pixel_Diff,validation_f1,0.4099999964237213,0.0,0.0,0.0,0.0,0,3553,0,1045023,0,3553
test_125,B2_SSIM,validation_f1,0.8999999761581421,0.0,0.0,0.0,0.0,0,174451,0,874125,0,174451
test_125,B3_CVA,validation_f1,0.4050000011920929,0.0,0.0,0.0,0.0,0,3875,0,1044701,0,3875
test_126,B1_Pixel_Diff,validation_f1,0.4099999964237213,0.079923273657289,0.08307784662221555,0.08147003479558905,0.04246482268881778,3875,44609,42768,957324,46643,48484
test_126,B2_SSIM,validation_f1,0.8999999761581421,0.07397768393379214,0.4198915164118946,0.12579282881320553,0.06711788896504454,19585,245157,27058,756776,46643,264742
test_126,B3_CVA,validation_f1,0.4050000011920929,0.08252936864834882,0.08931672491049032,0.08578900763987563,0.04481690262059469,4166,46313,42477,955620,46643,50479
test_127,B1_Pixel_Diff,validation_f1,0.4099999964237213,0.01579485273622596,0.013747371825974446,0.01470015997232911,0.007404503680473888,340,21186,24392,1002658,24732,21526
test_127,B2_SSIM,validation_f1,0.8999999761581421,0.03652321217343049,0.4044961992560246,0.0669970533083311,0.03465957122465666,10004,263904,14728,759940,24732,273908
test_127,B3_CVA,validation_f1,0.4050000011920929,0.016070659198621284,0.015081675562024907,0.015560468899920738,0.007841241144442809,373,22837,24359,1001007,24732,23210
test_128,B1_Pixel_Diff,validation_f1,0.4099999964237213,0.010922330097087379,0.13559322033898305,0.020216201038888108,0.010211317543610836,72,6520,459,1041525,531,6592
test_128,B2_SSIM,validation_f1,0.8999999761581421,0.0012787231585745017,0.5630885122410546,0.0025516517464733443,0.0012774556842505523,299,233528,232,814517,531,233827
test_128,B3_CVA,validation_f1,0.4050000011920929,0.01105912377711612,0.14689265536723164,0.020569620253164556,0.010391686650679457,78,6975,453,1041070,531,7053
test_13,B1_Pixel_Diff,validation_f1,0.4099999964237213,0.047971476419426284,0.008641662936219078,0.014645127773792148,0.007376579360530316,888,17623,101870,928195,102758,18511
test_13,B2_SSIM,validation_f1,0.8999999761581421,0.12715519987766494,0.38841744681679286,0.1915900636025441,0.10594393436269865,39913,273979,62845,671839,102758,313892
test_13,B3_CVA,validation_f1,0.4050000011920929,0.04912576991853765,0.009624554779189942,0.016095695337293516,0.008113140991460283,989,19143,101769,926675,102758,20132
test_14,B1_Pixel_Diff,validation_f1,0.4099999964237213,0.056676197563746034,0.012749797342543967,0.020816699395064125,0.010517822876083037,1447,24084,112045,911000,113492,25531
test_14,B2_SSIM,validation_f1,0.8999999761581421,0.12813884182253046,0.414469742360695,0.19575684684947128,0.10849804058152865,47039,320055,66453,615029,113492,367094
test_14,B3_CVA,validation_f1,0.4050000011920929,0.05689285977996013,0.013578049554153596,0.021923771856193715,0.01108338068283982,1541,25545,111951,909539,113492,27086
test_15,B1_Pixel_Diff,validation_f1,0.4099999964237213,0.014766064216613667,0.17089836167404301,0.02718341083260774,0.01377898532578755,2201,146857,10678,888840,12879,149058
test_15,B2_SSIM,validation_f1,0.8999999761581421,0.012716133576935275,0.7036260579237519,0.024980806790192375,0.012648386849139165,9062,703576,3817,332121,12879,712638
test_15,B3_CVA,validation_f1,0.4050000011920929,0.015040645251290376,0.184175790045811,0.02781018260691151,0.014101169350763615,2372,155334,10507,880363,12879,157706
test_16,B1_Pixel_Diff,validation_f1,0.4099999964237213,0.044784366648424924,0.14106876872353602,0.0679856753399687,0.03518901204416891,8429,179784,51322,809041,59751,188213
test_16,B2_SSIM,validation_f1,0.8999999761581421,0.042987538717732685,0.4722096701310438,0.07880140314814608,0.04101679195335294,28215,628138,31536,360687,59751,656353
test_16,B3_CVA,validation_f1,0.4050000011920929,0.04509967969821334,0.1524660675135144,0.06960893684001405,0.03605950015437108,9110,192887,50641,795938,59751,201997
test_17,B1_Pixel_Diff,validation_f1,0.4099999964237213,0.023961535429967682,0.11785229695677457,0.03982576228998133,0.020317460317460317,4256,173362,31857,839101,36113,177618
test_17,B2_SSIM,validation_f1,0.8999999761581421,0.03686362477386142,0.6725832802591865,0.06989630230747869,0.03621375493505409,24289,634599,11824,377864,36113,658888
test_17,B3_CVA,validation_f1,0.4050000011920929,0.02481276177060427,0.12779331542657768,0.04155673417197194,0.021219268843308457,4615,181378,31498,831085,36113,185993
test_18,B1_Pixel_Diff,validation_f1,0.4099999964237213,0.08194906738679897,0.15033338613747319,0.10607500139719443,0.05600802644003777,10439,116945,59000,862192,69439,127384
test_18,B2_SSIM,validation_f1,0.8999999761581421,0.08295393001275354,0.6837944094817033,0.14795841259899445,0.07988935756384738,47482,524908,21957,454229,69439,572390
test_18,B3_CVA,validation_f1,0.4050000011920929,0.08284499512282295,0.16022696179380463,0.10921870245118731,0.05776379457147011,11126,123173,58313,855964,69439,134299
test_19,B1_Pixel_Diff,validation_f1,0.4099999964237213,0.0606589618367843,0.19904285403524039,0.09298150531806788,0.04875752677667454,10980,170032,44184,823380,55164,181012
test_19,B2_SSIM,validation_f1,0.8999999761581421,0.07404508900002853,0.6586179392357334,0.13312374733895405,0.0713082868504002,36332,454342,18832,539070,55164,490674
test_19,B3_CVA,validation_f1,0.4050000011920929,0.06058365244949161,0.20792545863244144,0.09382835219580431,0.04922345388144314,11470,177855,43694,815557,55164,189325
test_2,B1_Pixel_Diff,validation_f1,0.4099999964237213,0.06429755981994788,0.053933745354822045,0.05866142157763344,0.030216996782346326,2714,39496,47607,958759,50321,42210
test_2,B2_SSIM,validation_f1,0.8999999761581421,0.06008647488802859,0.55426164026947,0.10841940361747865,0.05731683007576894,27891,436290,22430,561965,50321,464181
test_2,B3_CVA,validation_f1,0.4050000011920929,0.06605484298982751,0.05935891576081556,0.06252812928480966,0.03227305140782678,2987,42233,47334,956022,50321,45220
test_20,B1_Pixel_Diff,validation_f1,0.4099999964237213,0.22870155258386218,0.14957682668655528,0.18086390535858823,0.09942296559963543,32289,108895,183580,723812,215869,141184
test_20,B2_SSIM,validation_f1,0.8999999761581421,0.23305504551902043,0.6461928299107329,0.3425621001706757,0.2066817104918086,139493,459048,76376,373659,215869,598541
test_20,B3_CVA,validation_f1,0.4050000011920929,0.22966626799916212,0.1574519731874424,0.18682357597110993,0.10303662318528646,33989,114004,181880,718703,215869,147993
test_21,B1_Pixel_Diff,validation_f1,0.4099999964237213,0.15955458814801335,0.14461798066431525,0.15171954810907942,0.08208686509336809,22797,120082,134839,770858,157636,142879
test_21,B2_SSIM,validation_f1,0.8999999761581421,0.1886436872316639,0.6369040066989774,0.29107444941009003,0.17032599770634418,100399,431816,57237,459124,157636,532215
test_21,B3_CVA,validation_f1,0.4050000011920929,0.16136886515926943,0.15261742241619936,0.15687118344564965,0.08511135089239913,24058,125029,133578,765911,157636,149087
test_22,B1_Pixel_Diff,validation_f1,0.4099999964237213,0.0822292102084252,0.16904156565955183,0.11063884678641685,0.058558866100445146,8577,95729,42162,902108,50739,104306
test_22,B2_SSIM,validation_f1,0.8999999761581421,0.06452549715496574,0.6349553597824159,0.1171463374725015,0.06221744143155927,32217,467074,18522,530763,50739,499291
test_22,B3_CVA,validation_f1,0.4050000011920929,0.08148510989559238,0.17704330002562133,0.1116039259535346,0.05909985065494714,8983,101258,41756,896579,50739,110241
test_23,B1_Pixel_Diff,validation_f1,0.4099999964237213,0.1006030486367565,0.15834956559379154,0.12303756111037706,0.0655514242379639,10243,91573,54443,892317,64686,101816
test_23,B2_SSIM,validation_f1,0.8999999761581421,0.07847390223071685,0.6448845190613116,0.13992124293936914,0.07522328955601759,41715,489863,22971,494027,64686,531578
test_23,B3_CVA,validation_f1,0.4050000011920929,0.09927781332845781,0.1678879510249513,0.12477308761690296,0.06653759435349475,10860,98530,53826,885360,64686,109390
test_24,B1_Pixel_Diff,validation_f1,0.4099999964237213,0.03577772903037107,0.14177603545253112,0.057136773125521616,0.029408541134127414,8318,224173,50352,765733,58670,232491
test_24,B2_SSIM,validation_f1,0.8999999761581421,0.065566766771798,0.6225668996079768,0.1186388653855211,0.06306012344080453,36526,520555,22144,469351,58670,557081
test_24,B3_CVA,validation_f1,0.4050000011920929,0.036271998678013714,0.14965058803477074,0.05839124796328933,0.03007364274704573,8780,233280,49890,756626,58670,242060
test_25,B1_Pixel_Diff,validation_f1,0.4099999964237213,0.025397888345722004,0.12924845510723373,0.042453481386957995,0.021687086862710713,5689,218306,38327,786254,44016,223995
test_25,B2_SSIM,validation_f1,0.8999999761581421,0.04673974187949019,0.6606915667030171,0.08730332659867969,0.04564410437512262,29081,593109,14935,411451,44016,622190
test_25,B3_CVA,validation_f1,0.4050000011920929,0.025843284606409993,0.1368820428934933,0.04347794711927029,0.022222058297403063,6025,227111,37991,777449,44016,233136
test_26,B1_Pixel_Diff,validation_f1,0.4099999964237213,0.027601892701213798,0.14781491002570693,0.04651745126743201,0.02381257580090123,4830,170158,27846,845742,32676,174988
test_26,B2_SSIM,validation_f1,0.8999999761581421,0.04644469562133161,0.6652283021177623,0.08682731003904573,0.04538393763127456,21737,446282,10939,569618,32676,468019
test_26,B3_CVA,validation_f1,0.4050000011920929,0.02764536631452375,0.15760803035867305,0.047039696023090556,0.024086355430420835,5150,181138,27526,834762,32676,186288
test_27,B1_Pixel_Diff,validation_f1,0.4099999964237213,0.06341713061279151,0.19608394090418374,0.095838377997434,0.05033101018843286,13259,195817,54360,785140,67619,209076
test_27,B2_SSIM,validation_f1,0.8999999761581421,0.08212020673934141,0.6457060885254144,0.14570926559686836,0.0785795144706744,43662,488022,23957,492935,67619,531684
test_27,B3_CVA,validation_f1,0.4050000011920929,0.0634478672985782,0.20590366612934236,0.097004448562839,0.050974606057055824,13923,205517,53696,775440,67619,219440
test_28,B1_Pixel_Diff,validation_f1,0.4099999964237213,0.1204438503087016,0.1516230386863941,0.1342468585012101,0.07195317296551215,15587,113826,87214,831949,102801,129413
test_28,B2_SSIM,validation_f1,0.8999999761581421,0.10676702642737913,0.6010447369189016,0.18132436513141967,0.09970132202520125,61788,516930,41013,428845,102801,578718
test_28,B3_CVA,validation_f1,0.4050000011920929,0.12046654929577465,0.15974552776723963,0.13735305556601052,0.07374078913690676,16422,119898,86379,825877,102801,136320
test_29,B1_Pixel_Diff,validation_f1,0.4099999964237213,0.11668150858023058,0.20331306353533235,0.14827048353059913,0.08007135070855217,29088,220206,113982,685300,143070,249294
test_29,B2_SSIM,validation_f1,0.8999999761581421,0.15036975504336794,0.6478017753547215,0.24408235715489635,0.13900558386064796,92681,523673,50389,381833,143070,616354
test_29,B3_CVA,validation_f1,0.4050000011920929,0.11864774249498633,0.21420283777172014,0.1527092614185627,0.08266660912067933,30646,227648,112424,677858,143070,258294
test_3,B1_Pixel_Diff,validation_f1,0.4099999964237213,0.014517444494789306,0.21957236842105263,0.027234245108205973,0.013805108407155906,1602,108748,5694,932532,7296,110350
test_3,B2_SSIM,validation_f1,0.8999999761581421,0.009626697105199162,0.6022478070175439,0.018950478182582726,0.009565878073152624,4394,452045,2902,589235,7296,456439
test_3,B3_CVA,validation_f1,0.4050000011920929,0.014491522544256057,0.23382675438596492,0.027291633338665813,0.013834601099631834,1706,116018,5590,925262,7296,117724
test_30,B1_Pixel_Diff,validation_f1,0.4099999964237213,0.06133094014304751,0.1784516047350763,0.09128775152503815,0.04782687992806457,11276,172579,51912,812809,63188,183855
test_30,B2_SSIM,validation_f1,0.8999999761581421,0.06904051323402328,0.6802240931822497,0.12535763762304047,0.06687016155129066,42982,579580,20206,405808,63188,622562
test_30,B3_CVA,validation_f1,0.4050000011920929,0.06132318936328351,0.18802620750775464,0.09248361434153785,0.04848378500801874,11881,181863,51307,803525,63188,193744
test_31,B1_Pixel_Diff,validation_f1,0.4099999964237213,0.08013925070968797,0.1703247591617837,0.10899528905201109,0.05763882470571431,13720,157482,66832,810542,80552,171202
test_31,B2_SSIM,validation_f1,0.8999999761581421,0.09412441897392962,0.647569272023041,0.16435917472240777,0.08953776384743066,52163,502029,28389,465995,80552,554192
test_31,B3_CVA,validation_f1,0.4050000011920929,0.08020413376425771,0.17930032773860363,0.11083144687871696,0.05866678581728523,14443,165635,66109,802389,80552,180078
test_32,B1_Pixel_Diff,validation_f1,0.4099999964237213,0.032516769940346045,0.24756580187197688,0.05748333552122989,0.02959219685080757,3941,117258,11978,915399,15919,121199
test_32,B2_SSIM,validation_f1,0.8999999761581421,0.01809324167652329,0.679376845279226,0.03524776096053815,0.017940053845043717,10815,586922,5104,445735,15919,597737
test_32,B3_CVA,validation_f1,0.4050000011920929,0.03228353844469812,0.25937558891890194,0.05742019371840603,0.02955873088597446,4129,123769,11790,908888,15919,127898
test_33,B1_Pixel_Diff,validation_f1,0.4099999964237213,0.15819150440809016,0.46623499333036905,0.23623089433183844,0.13393527167057848,33554,178556,38414,798052,71968,212110
test_33,B2_SSIM,validation_f1,0.8999999761581421,0.07783422199375754,0.6438000222321032,0.13887831474448703,0.07462076007427772,46333,548945,25635,427663,71968,595278
test_33,B3_CVA,validation_f1,0.4050000011920929,0.15541753864848443,0.4798382614495331,0.23478819566022918,0.13300851211339212,34533,187662,37435,788946,71968,222195
test_34,B1_Pixel_Diff,validation_f1,0.4099999964237213,0.24422153198567476,0.5140435991054395,0.3311256449319053,0.1984125670853121,71944,222641,68013,685978,139957,294585
test_34,B2_SSIM,validation_f1,0.8999999761581421,0.15920358776375068,0.6635323706567017,0.2567937694342247,0.14731118150655054,92866,490450,47091,418169,139957,583316
test_34,B3_CVA,validation_f1,0.4050000011920929,0.24415513396166125,0.5295555063340883,0.3342171836740216,0.20063670989905225,74115,229442,65842,679177,139957,303557
test_35,B1_Pixel_Diff,validation_f1,0.4099999964237213,0.13242021870118278,0.1862646040356677,0.15479368857838122,0.08388963750027613,18988,124404,82953,822231,101941,143392
test_35,B2_SSIM,validation_f1,0.8999999761581421,0.09465957648846264,0.4889396807957544,0.15861165871905883,0.08613699520261023,49843,476707,52098,469928,101941,526550
test_35,B3_CVA,validation_f1,0.4050000011920929,0.1352830716369012,0.1992917471870984,0.16116454792455823,0.08764489924460415,20316,129858,81625,816777,101941,150174
test_36,B1_Pixel_Diff,validation_f1,0.4099999964237213,0.10112077427012714,0.534862662239662,0.17008533062015876,0.0929471376268057,8860,78758,7705,953253,16565,87618
test_36,B2_SSIM,validation_f1,0.8999999761581421,0.018219950190064227,0.4866888016903109,0.035124943633222744,0.017876426045212147,8062,434420,8503,597591,16565,442482
test_36,B3_CVA,validation_f1,0.4050000011920929,0.10069143865262604,0.5547238152731663,0.17044442795667014,0.09316165661276424,9189,82070,7376,949941,16565,91259
test_37,B1_Pixel_Diff,validation_f1,0.4099999964237213,0.23877877981343187,0.27143612490086066,0.2540623023837673,0.14551624764769336,18481,58917,49605,921573,68086,77398
test_37,B2_SSIM,validation_f1,0.8999999761581421,0.06677981403705982,0.4432482448667861,0.11607218406012261,0.061611800132700456,30179,421739,37907,558751,68086,451918
test_37,B3_CVA,validation_f1,0.4050000011920929,0.23812349341739292,0.2829215991540111,0.2585967338116941,0.14849905178926595,19263,61632,48823,918858,68086,80895
test_38,B1_Pixel_Diff,validation_f1,0.4099999964237213,0.15484655991635168,0.24250789786395385,0.18900763789866018,0.10436688848281496,33469,182674,104543,727890,138012,216143
test_38,B2_SSIM,validation_f1,0.8999999761581421,0.13552550706822372,0.524041387705417,0.21535639631484602,0.12067193464854908,72324,461332,65688,449232,138012,533656
test_38,B3_CVA,validation_f1,0.4050000011920929,0.15535893808773943,0.2530577051270904,0.19252289051690397,0.10651470467139794,34925,189877,103087,720687,138012,224802
test_39,B1_Pixel_Diff,validation_f1,0.4099999964237213,0.04002753102617598,0.035505780898233294,0.03763131022071239,0.019176473012798054,1861,44632,50553,951530,52414,46493
test_39,B2_SSIM,validation_f1,0.8999999761581421,0.07673587167545433,0.6900064868164995,0.13811223194117456,0.07417860212120528,36166,435139,16248,561023,52414,471305
test_39,B3_CVA,validation_f1,0.4050000011920929,0.04257167680278019,0.040199183424275954,0.04135142826302413,0.021112224448897796,2107,47386,50307,948776,52414,49493
test_4,B1_Pixel_Diff,validation_f1,0.4099999964237213,0.021491803830489077,0.10469787652701484,0.03566291977937583,0.018155193494270524,1277,58141,10920,978238,12197,59418
test_4,B2_SSIM,validation_f1,0.8999999761581421,0.017144722821919124,0.5553824710994507,0.033262624477049085,0.016912590817167252,6774,388333,5423,648046,12197,395107
test_4,B3_CVA,validation_f1,0.4050000011920929,0.0210224558050645,0.11183077806017873,0.0353918007265179,0.018014686459929208,1364,63519,10833,972860,12197,64883
test_40,B1_Pixel_Diff,validation_f1,0.4099999964237213,0.004277648310055211,0.021907164884456726,0.0071576715976524935,0.0035916898671009088,547,127327,24422,896280,24969,127874
test_40,B2_SSIM,validation_f1,0.8999999761581421,0.024494068673353808,0.47979494573270853,0.04660871053773146,0.023860406662590348,11980,477118,12989,546489,24969,489098
test_40,B3_CVA,validation_f1,0.4050000011920929,0.004466849118934519,0.02398974728663543,0.0075313702315990645,0.0037799191008967056,599,133500,24370,890107,24969,134099
test_41,B1_Pixel_Diff,validation_f1,0.4099999964237213,0.15860387348474292,0.08321453896820698,0.10915751267015406,0.05772956415015874,11383,60387,125408,851398,136791,71770
test_41,B2_SSIM,validation_f1,0.8999999761581421,0.14254227067628283,0.6514829191979005,0.23390657070715024,0.13244291996534255,89117,536080,47674,375705,136791,625197
test_41,B3_CVA,validation_f1,0.4050000011920929,0.16135908700964463,0.09075158453407023,0.11616797286232308,0.06166578080681135,12414,64520,124377,847265,136791,76934
test_42,B1_Pixel_Diff,validation_f1,0.4099999964237213,0.03926695913383615,0.06657628609116224,0.04939849113029294,0.02532474772815967,3634,88912,50950,905080,54584,92546
test_42,B2_SSIM,validation_f1,0.8999999761581421,0.046659086090928364,0.487890224241536,0.08517272975864368,0.044480633361727716,26631,544126,27953,449866,54584,570757
test_42,B3_CVA,validation_f1,0.4050000011920929,0.039772257584525086,0.0705151692803752,0.05085887949260042,0.026092969337879888,3849,92927,50735,901065,54584,96776
test_43,B1_Pixel_Diff,validation_f1,0.4099999964237213,0.08673215411674907,0.15637995512341063,0.11157955406602556,0.05908618194971966,5227,55039,28198,960112,33425,60266
test_43,B2_SSIM,validation_f1,0.8999999761581421,0.03407408560250726,0.5240089753178758,0.06398734500924282,0.033051098526806016,17515,496512,15910,518639,33425,514027
test_43,B3_CVA,validation_f1,0.4050000011920929,0.08641449960598897,0.16403889304412864,0.11319741935483871,0.05999431022408964,5483,57967,27942,957184,33425,63450
test_44,B1_Pixel_Diff,validation_f1,0.4099999964237213,0.0789000550106667,0.38328173374613,0.13086171118294046,0.07001178669651043,11761,137301,18924,880590,30685,149062
test_44,B2_SSIM,validation_f1,0.8999999761581421,0.03637993009987155,0.5953397425452175,0.06856971266632884,0.03550203862702648,18268,483877,12417,534014,30685,502145
test_44,B3_CVA,validation_f1,0.4050000011920929,0.07861586213166062,0.3945576014339254,0.13110830756902217,0.07015297253447676,12107,141895,18578,875996,30685,154002
test_45,B1_Pixel_Diff,validation_f1,0.4099999964237213,0.1400693232783353,0.09078144981652456,0.11016377438598995,0.058292762564754845,23923,146871,239600,638182,263523,170794
test_45,B2_SSIM,validation_f1,0.8999999761581421,0.2471246585004964,0.6394849785407726,0.3564872303113253,0.21690566504016487,168519,513400,95004,271653,263523,681919
test_45,B3_CVA,validation_f1,0.4050000011920929,0.1420980872921915,0.09610546328024498,0.11466162009453268,0.060817528204290795,25326,152903,238197,632150,263523,178229
test_46,B1_Pixel_Diff,validation_f1,0.4099999964237213,0.0907446961266468,0.16851516994841967,0.11796548475630209,0.06267976692288618,20223,202633,99784,725936,120007,222856
test_46,B2_SSIM,validation_f1,0.8999999761581421,0.11636195901051063,0.6390293899522528,0.19687467107543252,0.10918523960442277,76688,582359,43319,346210,120007,659047
test_46,B3_CVA,validation_f1,0.4050000011920929,0.091851550953735,0.1771146683110152,0.12096877463269715,0.06437826737501438,21255,210151,98752,718418,120007,231406
test_47,B1_Pixel_Diff,validation_f1,0.4099999964237213,0.10016182354284353,0.1288505747126437,0.11270925614572104,0.059720134013661816,10089,90638,68211,879638,78300,100727
test_47,B2_SSIM,validation_f1,0.8999999761581421,0.07746355861231326,0.6060153256704981,0.13736811708322538,0.07374947156392211,47451,565108,30849,405168,78300,612559
test_47,B3_CVA,validation_f1,0.4050000011920929,0.099457436505026,0.1350830140485313,0.11456454748790937,0.06076291147239616,10577,95770,67723,874506,78300,106347
test_48,B1_Pixel_Diff,validation_f1,0.4099999964237213,0.006007180179859951,0.020162252445717014,0.009256469943858689,0.00464975513123865,169,27964,8213,1012230,8382,28133
test_48,B2_SSIM,validation_f1,0.8999999761581421,0.01579003605193695,0.4760200429491768,0.030566163486840846,0.015520279442825857,3990,248701,4392,791493,8382,252691
test_48,B3_CVA,validation_f1,0.4050000011920929,0.006077809317081316,0.0217131949415414,0.009497221280037571,0.0047712675317866035,182,29763,8200,1010431,8382,29945
test_49,B1_Pixel_Diff,validation_f1,0.4099999964237213,0.021833623780622157,0.00861210751702669,0.012352044603346385,0.006214402590664713,1090,48833,125476,873177,126566,49923
test_49,B2_SSIM,validation_f1,0.8999999761581421,0.11924223247458457,0.3461356130398369,0.17737837602563766,0.09732046064440456,43809,323586,82757,598424,126566,367395
test_49,B3_CVA,validation_f1,0.4050000011920929,0.021648178712624266,0.008912346127712023,0.012626488761529506,0.006353354661379714,1128,50978,125438,871032,126566,52106
test_5,B1_Pixel_Diff,validation_f1,0.4099999964237213,0.0237991942981097,0.06108813235762011,0.0342536015342759,0.0174252393701502,768,31502,11804,1004502,12572,32270
test_5,B2_SSIM,validation_f1,0.8999999761581421,0.01801979936990021,0.652402163538021,0.0350709157690844,0.01784843842484593,8202,446964,4370,589040,12572,455166
test_5,B3_CVA,validation_f1,0.4050000011920929,0.025746565232201656,0.07214444797963729,0.03794979079497908,0.01934190604141343,907,34321,11665,1001683,12572,35228
test_50,B1_Pixel_Diff,validation_f1,0.4099999964237213,0.02720800135616206,0.010073274441811934,0.014703019615477105,0.0074059547567686046,642,22954,63091,961889,63733,23596
test_50,B2_SSIM,validation_f1,0.8999999761581421,0.07978379201400784,0.3946464155147255,0.13273348549414885,0.07108438161505569,25152,290100,38581,694743,63733,315252
test_50,B3_CVA,validation_f1,0.4050000011920929,0.026952041220768927,0.010669511869831956,0.01528725425176759,0.00770250218048775,680,24550,63053,960293,63733,25230
test_51,B1_Pixel_Diff,validation_f1,0.4099999964237213,0.018460329929300863,0.0067733102752558,0.009910384818133895,0.004979868616232253,47,2499,6892,1039138,6939,2546
test_51,B2_SSIM,validation_f1,0.8999999761581421,0.015350277287309443,0.3558149589277994,0.029430872019215296,0.014935214198434495,2469,158375,4470,883262,6939,160844
test_51,B3_CVA,validation_f1,0.4050000011920929,0.019801980198019802,0.008070327136474997,0.011467185420292823,0.005766656369066008,56,2772,6883,1038865,6939,2828
test_52,B1_Pixel_Diff,validation_f1,0.4099999964237213,0.07680844088104677,0.06104754459526686,0.06802703130774511,0.03521117138289587,2577,30974,39636,975389,42213,33551
test_52,B2_SSIM,validation_f1,0.8999999761581421,0.06541020353268179,0.4320469997394168,0.11361894853568737,0.06023117569352708,18238,260587,23975,745776,42213,278825
test_52,B3_CVA,validation_f1,0.4050000011920929,0.0760136518771331,0.06595124724610901,0.07062584033080495,0.036605569726773084,2784,33841,39429,972522,42213,36625
test_53,B1_Pixel_Diff,validation_f1,0.4099999964237213,0.007526881720430108,0.01979943430187709,0.010907288051561725,0.005483549351944167,231,30459,11436,1006450,11667,30690
test_53,B2_SSIM,validation_f1,0.8999999761581421,0.01501983081196054,0.34439016028113484,0.02878429686940325,0.014602307004600926,4018,263495,7649,773414,11667,267513
test_53,B3_CVA,validation_f1,0.4050000011920929,0.0078025030429761865,0.02142795920116568,0.01143955339983527,0.005752680749229141,250,31791,11417,1005118,11667,32041
test_54,B1_Pixel_Diff,validation_f1,0.4099999964237213,0.4392750792481829,0.44098360655737706,0.44012768483020803,0.28215622557689934,13719,17512,17391,999954,31110,31231
test_54,B2_SSIM,validation_f1,0.8999999761581421,0.07324289016179278,0.5856959177113469,0.13020347642781857,0.06963510456157515,18221,230554,12889,786912,31110,248775
test_54,B3_CVA,validation_f1,0.4050000011920929,0.42739399859580574,0.45004821600771455,0.43842865866069614,0.2807612095933264,14001,18758,17109,998708,31110,32759
test_55,B1_Pixel_Diff,validation_f1,0.4099999964237213,0.0515977313598008,0.009678591198450041,0.016299716684995958,0.008216824296539976,1119,20568,114497,912392,115616,21687
test_55,B2_SSIM,validation_f1,0.8999999761581421,0.13486667476830383,0.36475920287849434,0.19692278956830334,0.10921484029025892,42172,270522,73444,662438,115616,312694
test_55,B3_CVA,validation_f1,0.4050000011920929,0.0521447317471927,0.010482978134514254,0.017456556650991294,0.008805131968005114,1212,22031,114404,910929,115616,23243
test_56,B1_Pixel_Diff,validation_f1,0.4099999964237213,0.05434211745806172,0.22308180088776158,0.08739504148656034,0.045694246005974805,1759,30610,6126,1010081,7885,32369
test_56,B2_SSIM,validation_f1,0.8999999761581421,0.015818073231664745,0.4769816106531389,0.030620677302351712,0.015548389763942287,3761,234005,4124,806686,7885,237766
test_56,B3_CVA,validation_f1,0.4050000011920929,0.05319396727420952,0.23170577045022195,0.08652411735454997,0.04521829521829522,1827,32519,6058,1008172,7885,34346
test_57,B1_Pixel_Diff,validation_f1,0.4099999964237213,0.04366940875201124,0.10056361548898862,0.060895258259729176,0.031403800397640236,1927,42200,17235,987214,19162,44127
test_57,B2_SSIM,validation_f1,0.8999999761581421,0.03975435053563258,0.5259889364366976,0.07392168511225036,0.038379376654037275,10079,243453,9083,785961,19162,253532
test_57,B3_CVA,validation_f1,0.4050000011920929,0.04329675059177964,0.10499947813380649,0.06131155533885909,0.03162527507073248,2012,44458,17150,984956,19162,46470
test_58,B1_Pixel_Diff,validation_f1,0.4099999964237213,0.0,0.0,0.0,0.0,0,12589,539,1035448,539,12589
test_58,B2_SSIM,validation_f1,0.8999999761581421,0.0013864683282690526,0.3970315398886827,0.002763287020298538,0.001383555090060385,214,154135,325,893902,539,154349
test_58,B3_CVA,validation_f1,0.4050000011920929,0.0,0.0,0.0,0.0,0,14111,539,1033926,539,14111
test_59,B1_Pixel_Diff,validation_f1,0.4099999964237213,0.0014508833319108988,0.2217391304347826,0.0028829032531584747,0.0014435324087178035,51,35100,179,1013246,230,35151
test_59,B2_SSIM,validation_f1,0.8999999761581421,0.00039775155320337927,0.5260869565217391,0.0007949021153593483,0.0003976090878321761,121,304089,109,744257,230,304210
test_59,B3_CVA,validation_f1,0.4050000011920929,0.001445937985326407,0.23478260869565218,0.0028741750053225463,0.0014391556953254091,54,37292,176,1011054,230,37346
test_6,B1_Pixel_Diff,validation_f1,0.4099999964237213,0.007617979154603358,0.17261172611726117,0.01459196228965565,0.007349603714954087,421,54843,2018,991294,2439,55264
test_6,B2_SSIM,validation_f1,0.8999999761581421,0.0035923750282637083,0.6383763837638377,0.0071445451145673924,0.003585079438176376,1557,431861,882,614276,2439,433418
test_6,B3_CVA,validation_f1,0.4050000011920929,0.007653904648548569,0.1898318983189832,0.01471452861070061,0.007411794838957546,463,60029,1976,986108,2439,60492
test_60,B1_Pixel_Diff,validation_f1,0.4099999964237213,0.0,0.0,0.0,0.0,0,9560,0,1039016,0,9560
test_60,B2_SSIM,validation_f1,0.8999999761581421,0.0,0.0,0.0,0.0,0,84903,0,963673,0,84903
test_60,B3_CVA,validation_f1,0.4050000011920929,0.0,0.0,0.0,0.0,0,10251,0,1038325,0,10251
test_61,B1_Pixel_Diff,validation_f1,0.4099999964237213,0.00013144058885383806,0.005405405405405406,0.0002566405748748877,0.00012833675564681725,1,7607,184,1040784,185,7608
test_61,B2_SSIM,validation_f1,0.8999999761581421,0.0008921743563599286,0.6054054054054054,0.0017817230216113458,0.0008916558526857152,112,125424,73,922967,185,125536
test_61,B3_CVA,validation_f1,0.4050000011920929,0.00012190661952944045,0.005405405405405406,0.0002384358607534573,0.0001192321449862883,1,8202,184,1040189,185,8203
test_62,B1_Pixel_Diff,validation_f1,0.4099999964237213,0.0,0.0,0.0,0.0,0,34951,0,1013625,0,34951
test_62,B2_SSIM,validation_f1,0.8999999761581421,0.0,0.0,0.0,0.0,0,308758,0,739818,0,308758
test_62,B3_CVA,validation_f1,0.4050000011920929,0.0,0.0,0.0,0.0,0,37270,0,1011306,0,37270
test_63,B1_Pixel_Diff,validation_f1,0.4099999964237213,0.0020991441950589376,0.04961832061068702,0.004027885360185902,0.0020180068301769638,13,6180,249,1042134,262,6193
test_63,B2_SSIM,validation_f1,0.8999999761581421,0.0001991799615242611,0.15648854961832062,0.0003978535316778745,0.0001989663455705724,41,205803,221,842511,262,205844
test_63,B3_CVA,validation_f1,0.4050000011920929,0.0021726535341830824,0.05725190839694656,0.004186435947530003,0.0020976087260523003,15,6889,247,1041425,262,6904
test_64,B1_Pixel_Diff,validation_f1,0.4099999964237213,0.0,0.0,0.0,0.0,0,9391,0,1039185,0,9391
test_64,B2_SSIM,validation_f1,0.8999999761581421,0.0,0.0,0.0,0.0,0,130495,0,918081,0,130495
test_64,B3_CVA,validation_f1,0.4050000011920929,0.0,0.0,0.0,0.0,0,10757,0,1037819,0,10757
test_65,B1_Pixel_Diff,validation_f1,0.4099999964237213,0.0,0.0,0.0,0.0,0,2273,0,1046303,0,2273
test_65,B2_SSIM,validation_f1,0.8999999761581421,0.0,0.0,0.0,0.0,0,132101,0,916475,0,132101
test_65,B3_CVA,validation_f1,0.4050000011920929,0.0,0.0,0.0,0.0,0,2442,0,1046134,0,2442
test_66,B1_Pixel_Diff,validation_f1,0.4099999964237213,0.0,0.0,0.0,0.0,0,9357,0,1039219,0,9357
test_66,B2_SSIM,validation_f1,0.8999999761581421,0.0,0.0,0.0,0.0,0,144938,0,903638,0,144938
test_66,B3_CVA,validation_f1,0.4050000011920929,0.0,0.0,0.0,0.0,0,10229,0,1038347,0,10229
test_67,B1_Pixel_Diff,validation_f1,0.4099999964237213,0.019519760414995455,0.013887831976257514,0.01622907449812143,0.008180921642460103,730,36668,51834,959344,52564,37398
test_67,B2_SSIM,validation_f1,0.8999999761581421,0.08321524441525824,0.41224031656647137,0.1384773182601027,0.07438927261991404,21669,238728,30895,757284,52564,260397
test_67,B3_CVA,validation_f1,0.4050000011920929,0.019819594086695064,0.01504832204550643,0.01710751130047365,0.008627553635897603,791,39119,51773,956893,52564,39910
test_68,B1_Pixel_Diff,validation_f1,0.4099999964237213,0.04150520089740975,0.013060360042357924,0.01986868119797896,0.010034021991026083,1221,28197,92268,926890,93489,29418
test_68,B2_SSIM,validation_f1,0.8999999761581421,0.09905177985584436,0.3885055995892565,0.1578569938458329,0.08569204091021694,36321,330366,57168,624721,93489,366687
test_68,B3_CVA,validation_f1,0.4050000011920929,0.04268920140946085,0.014643433986886157,0.021806655091670783,0.011023520601663594,1369,30700,92120,924387,93489,32069
test_69,B1_Pixel_Diff,validation_f1,0.4099999964237213,0.021149005478505505,0.006324069837802736,0.009736644777204663,0.004892138897927263,857,39665,134657,873397,135514,40522
test_69,B2_SSIM,validation_f1,0.8999999761581421,0.13939925065796224,0.37092108564428766,0.20264182206302397,0.1127442624127474,50265,310318,85249,602744,135514,360583
test_69,B3_CVA,validation_f1,0.4050000011920929,0.022044225371397275,0.007128414776333073,0.010773134078679567,0.005415739282050132,966,42855,134548,870207,135514,43821
test_7,B1_Pixel_Diff,validation_f1,0.4099999964237213,0.15901349386713973,0.2661249945100795,0.19907614266565038,0.11054112135552158,30297,160234,83548,774497,113845,190531
test_7,B2_SSIM,validation_f1,0.8999999761581421,0.12465351760267412,0.5601387851903904,0.2039253935386903,0.11353948928684617,63769,447801,50076,486930,113845,511570
test_7,B3_CVA,validation_f1,0.4050000011920929,0.16068560244745048,0.2855812727831701,0.20565630752297756,0.11461366536701614,32512,169821,81333,764910,113845,202333
test_70,B1_Pixel_Diff,validation_f1,0.4099999964237213,0.014475378535589006,0.0017464441646800417,0.003116843383400419,0.0015608541606817964,326,22195,186339,839716,186665,22521
test_70,B2_SSIM,validation_f1,0.8999999761581421,0.15263978679630702,0.3350601344654863,0.2097335072617343,0.11715211568359338,62544,347205,124121,514706,186665,409749
test_70,B3_CVA,validation_f1,0.4050000011920929,0.015031364658539471,0.0020410896525861837,0.0035941361809708884,0.0018003033582036658,381,24966,186284,836945,186665,25347
test_71,B1_Pixel_Diff,validation_f1,0.4099999964237213,0.3253226286507979,0.5775995230481559,0.4162179315058462,0.26280000246598484,42628,88405,31174,886369,73802,131033
test_71,B2_SSIM,validation_f1,0.8999999761581421,0.09982897469389289,0.575783854096095,0.17015636574769255,0.09298956619165996,42494,383174,31308,591600,73802,425668
test_71,B3_CVA,validation_f1,0.4050000011920929,0.3189359246708761,0.587910896723666,0.4135337987562248,0.2606634786369972,43389,92654,30413,882120,73802,136043
test_72,B1_Pixel_Diff,validation_f1,0.4099999964237213,0.05430655590583795,0.024142481560668214,0.03342539480206784,0.016996759092545912,2360,41097,95393,909726,97753,43457
test_72,B2_SSIM,validation_f1,0.8999999761581421,0.11490817440759545,0.35632666005135394,0.1737768221072535,0.0951563993989892,34832,268297,62921,682526,97753,303129
test_72,B3_CVA,validation_f1,0.4050000011920929,0.053670137549813604,0.025625811995539777,0.034688804724878314,0.01765054043770522,2505,44169,95248,906654,97753,46674
test_73,B1_Pixel_Diff,validation_f1,0.4099999964237213,0.02010674519186528,0.010214814987961946,0.013547237076648842,0.0068198133524766695,437,21297,42344,984498,42781,21734
test_73,B2_SSIM,validation_f1,0.8999999761581421,0.05558185705558949,0.3402912507889016,0.09555597126363222,0.05017525840706134,14558,247362,28223,758433,42781,261920
test_73,B3_CVA,validation_f1,0.4050000011920929,0.02047983751533872,0.01131343353357799,0.014575240160207186,0.007341119369027756,484,23149,42297,982646,42781,23633
test_74,B1_Pixel_Diff,validation_f1,0.4099999964237213,0.08758365200764819,0.15240650051467608,0.1112405468681817,0.0588960900678643,14658,152702,81519,799697,96177,167360
test_74,B2_SSIM,validation_f1,0.8999999761581421,0.113768654916724,0.46598459091050876,0.1828862209961886,0.10064654349627547,44817,349114,51360,603285,96177,393931
test_74,B3_CVA,validation_f1,0.4050000011920929,0.08906608923794303,0.16166027220645268,0.11485388411192861,0.06092571983886895,15548,159019,80629,793380,96177,174567
test_75,B1_Pixel_Diff,validation_f1,0.4099999964237213,0.1037648272305312,0.013211462191054027,0.023438683146748057,0.011858313196204397,1006,8689,75140,963741,76146,9695
test_75,B2_SSIM,validation_f1,0.8999999761581421,0.08645116374740906,0.3587713077508996,0.13932898296829538,0.07488104113674239,27319,288686,48827,683744,76146,316005
test_75,B3_CVA,validation_f1,0.4050000011920929,0.09953077061902184,0.014485330811861425,0.02529004448112991,0.012806966618287372,1103,9979,75043,962451,76146,11082
test_76,B1_Pixel_Diff,validation_f1,0.4099999964237213,0.053946015913503634,0.31358807907937447,0.09205582684582653,0.04824870042902867,4251,74550,9305,960470,13556,78801
test_76,B2_SSIM,validation_f1,0.8999999761581421,0.02125563420182493,0.741664207730894,0.04132686616244657,0.021099419524622985,10054,462950,3502,572070,13556,473004
test_76,B3_CVA,validation_f1,0.4050000011920929,0.0529741111164282,0.3266450280318678,0.09116363336901918,0.047758747141809395,4428,79160,9128,955860,13556,83588
test_77,B1_Pixel_Diff,validation_f1,0.4099999964237213,0.3064274864710333,0.33703247281227766,0.32100214477374,0.1911867509386914,53057,120090,104367,771062,157424,173147
test_77,B2_SSIM,validation_f1,0.8999999761581421,0.18094922548558562,0.6452764508588271,0.28264014869061,0.16457829060992246,101582,459802,55842,431350,157424,561384
test_77,B3_CVA,validation_f1,0.4050000011920929,0.30308941287301544,0.3474311413761561,0.3237490344176466,0.19313876088069637,54694,125761,102730,765391,157424,180455
test_78,B1_Pixel_Diff,validation_f1,0.4099999964237213,0.060656971586785305,0.3157600139933532,0.10176504743811624,0.053610353818831925,9026,139778,19559,880213,28585,148804
test_78,B2_SSIM,validation_f1,0.8999999761581421,0.03512143628422698,0.6099002973587546,0.06641814784266739,0.034349798933292354,17434,478958,11151,541033,28585,496392
test_78,B3_CVA,validation_f1,0.4050000011920929,0.06229274016631804,0.3417176841000525,0.10537614688796233,0.05561850533807829,9768,147040,18817,872951,28585,156808
test_79,B1_Pixel_Diff,validation_f1,0.4099999964237213,0.10877474625477296,0.500656032041986,0.17871999506979325,0.09812878557168477,14500,118803,14462,900811,28962,133303
test_79,B2_SSIM,validation_f1,0.8999999761581421,0.04415228310615489,0.6149091913541882,0.08238880818660424,0.04296429252099482,17809,385545,11153,634069,28962,403354
test_79,B3_CVA,validation_f1,0.4050000011920929,0.10847968460972596,0.5244458255645328,0.17977381804839654,0.09876454906040705,15189,124828,13773,894786,28962,140017
test_8,B1_Pixel_Diff,validation_f1,0.4099999964237213,0.06256733445842856,0.11778567157879928,0.08172345634827027,0.04260254165058877,10047,150532,75252,812745,85299,160579
test_8,B2_SSIM,validation_f1,0.8999999761581421,0.0945427462689585,0.657780278784042,0.1653235430177705,0.09011046192291755,56108,537359,29191,425918,85299,593467
test_8,B3_CVA,validation_f1,0.4050000011920929,0.0642468921314285,0.1283250682891945,0.08562499755547125,0.04472739011224752,10946,159428,74353,803849,85299,170374
test_80,B1_Pixel_Diff,validation_f1,0.4099999964237213,0.32361671928631247,0.39303313914621335,0.3549630089636688,0.21577813197990836,82309,172032,127111,667124,209420,254341
test_80,B2_SSIM,validation_f1,0.8999999761581421,0.256321655138623,0.6195158055582084,0.3626136670127743,0.22145883332935043,129739,376418,79681,462738,209420,506157
test_80,B3_CVA,validation_f1,0.4050000011920929,0.3268944355049957,0.41713303409416486,0.36654148746459664,0.22439595781080623,87356,179874,122064,659282,209420,267230
test_81,B1_Pixel_Diff,validation_f1,0.4099999964237213,0.025993360229861102,0.18990646073526213,0.04572775486152033,0.023398866240501748,1746,65425,7448,973957,9194,67171
test_81,B2_SSIM,validation_f1,0.8999999761581421,0.011728218860298949,0.5630846204046117,0.022977843269538046,0.01162245106425013,5177,436237,4017,603145,9194,441414
test_81,B3_CVA,validation_f1,0.4050000011920929,0.02538021758436945,0.19893408744833588,0.045017106008023826,0.023026854171650152,1829,70235,7365,969147,9194,72064
test_82,B1_Pixel_Diff,validation_f1,0.4099999964237213,0.12229725225987396,0.4453240230764922,0.19189521871002518,0.1061305852933586,23852,171181,29709,823834,53561,195033
test_82,B2_SSIM,validation_f1,0.8999999761581421,0.06121035867608365,0.6931909411698811,0.11248778640409013,0.05959579259611202,37128,569436,16433,425579,53561,606564
test_82,B3_CVA,validation_f1,0.4050000011920929,0.12027037679331547,0.4557793917215885,0.19031952505876346,0.10516747442110931,24412,178564,29149,816451,53561,202976
test_83,B1_Pixel_Diff,validation_f1,0.4099999964237213,0.1048536038809131,0.08503924427313216,0.09391265990295544,0.049269861840735,4258,36351,45813,962154,50071,40609
test_83,B2_SSIM,validation_f1,0.8999999761581421,0.08383013198113726,0.5187034411136187,0.14433379273551772,0.07778004048922484,25972,283845,24099,714660,50071,309817
test_83,B3_CVA,validation_f1,0.4050000011920929,0.10647791619479048,0.0938866809131034,0.09978667176107238,0.05251340482573726,4701,39449,45370,959056,50071,44150
test_84,B1_Pixel_Diff,validation_f1,0.4099999964237213,0.1012766184270142,0.15015015015015015,0.12096324945486957,0.06437513764420878,7600,67442,43016,930518,50616,75042
test_84,B2_SSIM,validation_f1,0.8999999761581421,0.07161511049023228,0.6360439386755177,0.12873531963899407,0.06879589028215846,32194,417348,18422,580612,50616,449542
test_84,B3_CVA,validation_f1,0.4050000011920929,0.10456048566210947,0.16741741741741742,0.12872550508886527,0.06879028461026415,8474,72570,42142,925390,50616,81044
test_85,B1_Pixel_Diff,validation_f1,0.4099999964237213,0.028574897802242278,0.028892390170039493,0.028732766953248206,0.014575784790395672,1412,48002,47459,951703,48871,49414
test_85,B2_SSIM,validation_f1,0.8999999761581421,0.06351976858569502,0.5562603589040536,0.11401956178908164,0.0604563862270189,27185,400792,21686,598913,48871,427977
test_85,B3_CVA,validation_f1,0.4050000011920929,0.029169379592596037,0.032084467270978696,0.030557558513437142,0.015515842387539829,1568,52187,47303,947518,48871,53755
test_86,B1_Pixel_Diff,validation_f1,0.4099999964237213,0.009340015620932049,0.13081130355515042,0.01743514974788895,0.008794239313620346,287,30441,1907,1015941,2194,30728
test_86,B2_SSIM,validation_f1,0.8999999761581421,0.0044808199050406184,0.5045578851412944,0.008882754857631184,0.004461191262996695,1107,245946,1087,800436,2194,247053
test_86,B3_CVA,validation_f1,0.4050000011920929,0.00942446701436545,0.14083865086599817,0.017666733369543466,0.008912090447623443,309,32478,1885,1013904,2194,32787
test_87,B1_Pixel_Diff,validation_f1,0.4099999964237213,0.047816519972918074,0.030486982328342103,0.037234130187653425,0.01897023519734081,3390,67506,107805,869875,111195,70896
test_87,B2_SSIM,validation_f1,0.8999999761581421,0.14943360743304418,0.5774000629524709,0.2374215115634083,0.134701242027526,64204,365445,46991,571936,111195,429649
test_87,B3_CVA,validation_f1,0.4050000011920929,0.04806703881537,0.0332209182067539,0.039288259255714025,0.020037753862176707,3694,73157,107501,864224,111195,76851
test_88,B1_Pixel_Diff,validation_f1,0.4099999964237213,0.004901960784313725,0.05759162303664921,0.009034907597535934,0.004537953795379538,33,6699,540,1041304,573,6732
test_88,B2_SSIM,validation_f1,0.8999999761581421,0.003088607950357647,0.7678883071553229,0.006152469377481962,0.0030857271095152605,440,142019,133,905984,573,142459
test_88,B3_CVA,validation_f1,0.4050000011920929,0.004642525533890436,0.06108202443280977,0.008629191321499015,0.004333292063885106,35,7504,538,1040499,573,7539
test_89,B1_Pixel_Diff,validation_f1,0.4099999964237213,0.598622151563328,0.3913796687686231,0.4733093103159306,0.31002305412229664,22592,15148,35132,975704,57724,37740
test_89,B2_SSIM,validation_f1,0.8999999761581421,0.08308707202770066,0.2893250640981221,0.12909983380357903,0.06900412760454326,16701,184305,41023,806547,57724,201006
test_89,B3_CVA,validation_f1,0.4050000011920929,0.6162045389801538,0.4496743122444737,0.5199302940469513,0.3512877075692574,25957,16167,31767,974685,57724,42124
test_9,B1_Pixel_Diff,validation_f1,0.4099999964237213,0.07021985502227211,0.6705439616832022,0.12712688906665515,0.06787800429432272,5880,77857,2889,961950,8769,83737
test_9,B2_SSIM,validation_f1,0.8999999761581421,0.010669731489359902,0.574866005245752,0.020950611665596485,0.010586199510275396,5041,467417,3728,572390,8769,472458
test_9,B3_CVA,validation_f1,0.4050000011920929,0.0678697886921759,0.6776143231839434,0.12338167962707254,0.06574681611471946,5942,81608,2827,958199,8769,87550
test_90,B1_Pixel_Diff,validation_f1,0.4099999964237213,0.0,0.0,0.0,0.0,0,23096,0,1025480,0,23096
test_90,B2_SSIM,validation_f1,0.8999999761581421,0.0,0.0,0.0,0.0,0,184542,0,864034,0,184542
test_90,B3_CVA,validation_f1,0.4050000011920929,0.0,0.0,0.0,0.0,0,25259,0,1023317,0,25259
test_91,B1_Pixel_Diff,validation_f1,0.4099999964237213,0.01801065221453934,0.0802874101843174,0.029421304687947188,0.014930286599535244,771,42037,8832,996936,9603,42808
test_91,B2_SSIM,validation_f1,0.8999999761581421,0.010499307529703331,0.37498698323440594,0.02042668572627901,0.01031873160695404,3601,339374,6002,699599,9603,342975
test_91,B3_CVA,validation_f1,0.4050000011920929,0.018446327068406036,0.0882016036655212,0.030511527377521615,0.015492107621677976,847,45070,8756,993903,9603,45917
test_92,B1_Pixel_Diff,validation_f1,0.4099999964237213,0.02790367230946373,0.011551138380406674,0.01633865044755566,0.008236612792421449,1139,39680,97466,910291,98605,40819
test_92,B2_SSIM,validation_f1,0.8999999761581421,0.09268890875091895,0.30814867400233253,0.1425114088860331,0.07672262945128865,30385,297432,68220,652539,98605,327817
test_92,B3_CVA,validation_f1,0.4050000011920929,0.030086122662303726,0.013427310988286598,0.018567862451967575,0.0093709302983976,1324,42683,97281,907288,98605,44007
test_93,B1_Pixel_Diff,validation_f1,0.4099999964237213,0.0018203538312759544,0.006853715999143285,0.002876663070837828,0.0014404033129276198,32,17547,4637,1026360,4669,17579
test_93,B2_SSIM,validation_f1,0.8999999761581421,0.007628711791526885,0.31462840008567144,0.014896238420937884,0.00750400997129167,1469,191093,3200,852814,4669,192562
test_93,B3_CVA,validation_f1,0.4050000011920929,0.0017588743204349215,0.007067894624116514,0.0028167811873159487,0.0014103769552953245,33,18729,4636,1025178,4669,18762
test_94,B1_Pixel_Diff,validation_f1,0.4099999964237213,0.0008606345745596419,0.16042780748663102,0.0017120844628334998,0.000856775667571041,90,104484,471,943531,561,104574
test_94,B2_SSIM,validation_f1,0.8999999761581421,0.0006522652183927178,0.6007130124777184,0.0013031154900603609,0.0006519825493098078,337,516324,224,531691,561,516661
test_94,B3_CVA,validation_f1,0.4050000011920929,0.000854805226523385,0.1746880570409982,0.0017012855121650594,0.0008513669652242657,98,114548,463,933467,561,114646
test_95,B1_Pixel_Diff,validation_f1,0.4099999964237213,0.00012391354375033191,0.056,0.0002472799208704253,0.00012365524916532706,7,56484,118,991967,125,56491
test_95,B2_SSIM,validation_f1,0.8999999761581421,0.0003121443052582127,0.792,0.0006240426618256084,0.00031211871861078796,99,317062,26,731389,125,317161
test_95,B3_CVA,validation_f1,0.4050000011920929,0.00011051468266498263,0.056,0.00022059402820452217,0.00011030918087553973,7,63333,118,985118,125,63340
test_96,B1_Pixel_Diff,validation_f1,0.4099999964237213,0.0020094941316946735,0.18253968253968253,0.003975226847184214,0.0019915718986318765,276,137072,1236,909992,1512,137348
test_96,B2_SSIM,validation_f1,0.8999999761581421,0.0029544660147110976,0.7658730158730159,0.005886225064237625,0.0029518000117256305,1158,390791,354,656273,1512,391949
test_96,B3_CVA,validation_f1,0.4050000011920929,0.0021709755300958686,0.22420634920634921,0.004300311423732899,0.002154788843405965,339,155812,1173,891252,1512,156151
test_97,B1_Pixel_Diff,validation_f1,0.4099999964237213,0.002720698167657592,0.24244771494965142,0.005381011733356256,0.0026977642171312336,313,114731,978,932554,1291,115044
test_97,B2_SSIM,validation_f1,0.8999999761581421,0.0026082873984941486,0.8133230054221534,0.005199898973391374,0.002606726844817827,1050,401513,241,645772,1291,402563
test_97,B3_CVA,validation_f1,0.4050000011920929,0.002627765125575321,0.25561580170410536,0.005202052446146934,0.0026078092031957515,330,125252,961,922033,1291,125582
test_98,B1_Pixel_Diff,validation_f1,0.4099999964237213,0.00048166827222757407,0.06589147286821706,0.0009563456345634563,0.0004784015759110736,34,70554,482,977506,516,70588
test_98,B2_SSIM,validation_f1,0.8999999761581421,0.0004033417380098912,0.37790697674418605,0.0008058234172285047,0.0004030741118933735,195,483266,321,564794,516,483461
test_98,B3_CVA,validation_f1,0.4050000011920929,0.00048267585055312046,0.07170542635658915,0.0009588970092779765,0.00047967848577169895,37,76619,479,971441,516,76656
test_99,B1_Pixel_Diff,validation_f1,0.4099999964237213,0.00048475381911949856,0.3,0.0009679435903985373,0.0004842061373127904,72,148457,168,899879,240,148529
test_99,B2_SSIM,validation_f1,0.8999999761581421,0.00030650979652465044,0.7041666666666667,0.0006127528738653648,0.0003064703322210939,169,551200,71,497136,240,551369
test_99,B3_CVA,validation_f1,0.4050000011920929,0.00048216007714561236,0.32083333333333336,0.0009628731133314159,0.0004816684494654731,77,159621,163,888715,240,159698
