detector,perturbation,severity,split,threshold_policy,threshold,precision,recall,f1,iou,accuracy,tp,fp,fn,tn,f1_delta,relative_f1_degradation_pct,iou_delta,relative_iou_degradation_pct,additional_false_positives,relative_fp_increase_pct,fp_generation_rate_pct,latency_ms_per_pair,peak_ram_mb,seed
B1_Pixel_Diff,control,none,test,frozen_m5_val_f1,0.41,0.1064291406294521,0.16661908525516408,0.1298900661135673,0.06945584522062392,0.8862806707620621,1139242,9564988,5698162,117815336,0.0,0.0,0.0,0.0,0,0.0,0.0,0.0,368.859375,42
B2_SSIM,control,none,test,frozen_m5_val_f1,0.9,0.07056860456486058,0.533153225990449,0.12463978366590757,0.06646178295791638,0.6185009032487869,3645384,48011922,3192020,79368402,0.0,0.0,0.0,0.0,0,0.0,0.0,0.0,368.859375,42
B3_CVA,control,none,test,frozen_m5_val_f1,0.405,0.1055735823566442,0.17463806438818008,0.1315945735123589,0.07043148753840839,0.88258196413517,1194071,10116249,5643333,117264075,0.0,0.0,0.0,0.0,0,0.0,0.0,0.0,368.859375,42
B1_Pixel_Diff,global_illumination_shift,mild,test,frozen_m5_val_f1,0.41,0.12360859806366647,0.15654450139263382,0.13814051237892871,0.07419491819730883,0.9004904925823212,1070358,7588894,5767046,119791430,0.008250446265361422,-6.351868554865295,0.0047390729766849105,-6.823144922693576,-1976094,-20.659660001664403,-1.5513337837011625,152.55951074232144,375.140625,42
B2_SSIM,global_illumination_shift,mild,test,frozen_m5_val_f1,0.9,0.07099691847024626,0.5260291771555403,0.12510826872429115,0.06672826309771249,0.6252087131142616,3596674,47062905,3240730,80317419,0.00046848505838358034,-0.3758712062910327,0.00026648013979610474,-0.40095243903528743,-949017,-1.9766278050689159,-0.7450263668665186,152.55951074232144,375.140625,42
B3_CVA,global_illumination_shift,mild,test,frozen_m5_val_f1,0.405,0.12274720273122458,0.16439835937733094,0.14055198066784755,0.07558801279012296,0.8975784182548523,1124058,8033446,5713346,119346878,0.00895740715548865,-6.806821068991422,0.005156525251714575,-7.32133514701442,-2082803,-20.58868855442368,-1.6351057483571796,152.55951074232144,375.140625,42
B1_Pixel_Diff,global_illumination_shift,medium,test,frozen_m5_val_f1,0.41,0.13416430289153974,0.16144402173690484,0.14654543074565507,0.0790661034678671,0.9042053073644638,1103858,7123800,5733546,120256524,0.016655364632087777,-12.822662371674696,0.00961025824724318,-13.836500321487055,-2441188,-25.522122976003736,-1.9164561082447868,151.55493619516847,375.140625,42
B2_SSIM,global_illumination_shift,medium,test,frozen_m5_val_f1,0.9,0.07047801376807727,0.5222945726184968,0.12419698523640155,0.06621003605330793,0.6247486621141434,3571139,47099117,3266265,80281207,-0.0004427984295060222,0.35526251448969726,-0.0002517469046084547,0.3787844583824375,-912805,-1.9012048715733563,-0.7165981144780257,151.55493619516847,375.140625,42
B3_CVA,global_illumination_shift,medium,test,frozen_m5_val_f1,0.405,0.13257874878346387,0.16881260782601115,0.14851762556313822,0.08021552222894407,0.9013916030526161,1154240,7551831,5683164,119828493,0.01692305205077932,-12.85999232270012,0.009784034690535681,-13.891563322725728,-2564418,-25.3494946595324,-2.0131978938913675,151.55493619516847,375.140625,42
B1_Pixel_Diff,global_illumination_shift,strong,test,frozen_m5_val_f1,0.41,0.10702342675410889,0.20418802223767968,0.14043764721906016,0.07552188126901921,0.8726686164736748,1396116,11648841,5441288,115731483,0.010547581105492865,-8.120390897538506,0.006066036048395285,-8.733658094760413,2083853,21.786258383178318,1.6359300514889568,150.36485349190798,375.140625,42
B2_SSIM,global_illumination_shift,strong,test,frozen_m5_val_f1,0.9,0.06938745519542258,0.5253855118112079,0.12258513982098299,0.0652946466021336,0.6168607845902443,3592273,48178944,3245131,79201380,-0.0020546438449245835,1.6484655095615233,-0.0011671363557827774,1.7561014824441414,167022,0.34787609627458776,0.13112072159590363,150.36485349190798,375.140625,42
B3_CVA,global_illumination_shift,strong,test,frozen_m5_val_f1,0.405,0.10550385538472046,0.2119276555839029,0.14087564689793533,0.07577526842831979,0.8683202192187309,1449035,12285392,5388369,115094932,0.009281073385576433,-7.052778194311172,0.005343780889911401,-7.587204355150496,2169143,21.44216695338361,1.7028870173073196,150.36485349190798,375.140625,42
B1_Pixel_Diff,gaussian_blur,mild,test,frozen_m5_val_f1,0.41,0.110603796607702,0.15200462046706614,0.12804074075648259,0.06839932019045408,0.8945331051945686,1039317,8357440,5798087,119022884,-0.001849325357084708,1.4237619645737802,-0.0010565250301698415,1.5211463150636622,-1207548,-12.624668217043242,-0.9479862839727115,185.92012829708437,442.859375,42
B2_SSIM,gaussian_blur,mild,test,frozen_m5_val_f1,0.9,0.07272060075666639,0.4491848075673165,0.12517589791591283,0.06676674242493742,0.6801573038101196,3071258,39162414,3766146,88217910,0.0005361142500052568,-0.43013092147391047,0.0003049594670210404,-0.4588493619169693,-8849508,-18.431896977588192,-6.947311580083593,185.92012829708437,442.859375,42
B3_CVA,gaussian_blur,mild,test,frozen_m5_val_f1,0.405,0.1094884676855414,0.15967668430884002,0.12990355817269958,0.06946356095184524,0.8910319432616234,1091774,8879815,5745630,118500509,-0.0016910153396593186,1.2850190509569184,-0.0009679265865631531,1.374281050127351,-1236434,-12.222257479032,-0.9706632556532044,185.92012829708437,442.859375,42
B1_Pixel_Diff,gaussian_blur,medium,test,frozen_m5_val_f1,0.41,0.11185057568173368,0.1461028191401298,0.12670261184841483,0.06763614397254591,0.8974001929163933,998964,7932273,5838440,119448051,-0.0031874542651524618,2.4539630785664257,-0.0018197012480780095,2.6199396786516607,-1632715,-17.069702544321018,-1.2817638931425548,191.1660661253336,477.640625,42
B2_SSIM,gaussian_blur,medium,test,frozen_m5_val_f1,0.9,0.07075252002165965,0.4060669809769907,0.12050791606273144,0.06411727779682078,0.6980567052960396,2776444,36465183,4060960,90915141,-0.0041318676031761314,3.3150471556108063,-0.002344505161095606,3.527598954996659,-11546739,-24.04973289759156,-9.064774399537562,191.1660661253336,477.640625,42
B3_CVA,gaussian_blur,medium,test,frozen_m5_val_f1,0.405,0.11055858462023962,0.1535110401550062,0.12854157942295244,0.06868524462505439,0.8939638361334801,1049617,8444146,5787787,118936178,-0.0030529940894064578,2.319999987780447,-0.0017462429133539986,2.47934975447128,-1672103,-16.52888338355452,-1.3126854662420233,191.1660661253336,477.640625,42
B1_Pixel_Diff,gaussian_blur,strong,test,frozen_m5_val_f1,0.41,0.1116281108667427,0.14152447332350115,0.12481096844455591,0.06655913955566757,0.8988904878497124,967660,7700945,5869744,119679379,-0.005079097669011379,3.9103049378468646,-0.0028967056649563533,4.170571469910236,-1864043,-19.48818963494779,-1.4633680787309036,201.6539319374715,477.640625,42
B2_SSIM,gaussian_blur,strong,test,frozen_m5_val_f1,0.9,0.06360388529325832,0.3726048658233446,0.10865952177654917,0.057451063427042925,0.6885877326130867,2547650,37507293,4289754,89873031,-0.015980261889358402,12.821156631812613,-0.009010719530873457,13.557745714674924,-10504629,-21.879209501340107,-8.246665317007672,201.6539319374715,477.640625,42
B3_CVA,gaussian_blur,strong,test,frozen_m5_val_f1,0.405,0.1101562012904457,0.14858036763660595,0.1265151575060186,0.067529320033143,0.8954833224415779,1015904,8206491,5821500,119173833,-0.005079416006340293,3.8598977684009528,-0.0029021675052653823,4.1205540400985345,-1909758,-18.878123699802167,-1.4992566669872813,201.6539319374715,477.640625,42
B1_Pixel_Diff,geometric_misregistration,mild,test,frozen_m5_val_f1,0.41,0.11242673384017147,0.17290129411688998,0.13625529825079855,0.07310834907963376,0.8883286938071251,1182196,9333061,5655208,118047263,0.006365232137231253,-4.900476478059464,0.003652503859009837,-5.258742223073945,-231927,-2.424749513538334,-0.18207443089876268,167.91110452311386,477.640625,42
B2_SSIM,geometric_misregistration,mild,test,frozen_m5_val_f1,0.9,0.07386886365384106,0.535400862666591,0.12982576227221612,0.06941907318216042,0.6343751028180122,3660752,45896691,3176652,81483633,0.005185978606308553,-4.16077311254758,0.0029572902242440413,-4.449610125741884,-2115231,-4.405636999910147,-1.6605633692688675,167.91110452311386,477.640625,42
B3_CVA,geometric_misregistration,mild,test,frozen_m5_val_f1,0.405,0.11142309852912423,0.18119128253939654,0.13798976012923975,0.07410794912643308,0.884677454829216,1238878,9879804,5598526,117500520,0.006395186616880849,-4.859764689522121,0.0036764615880246904,-5.219911883899664,-236445,-2.337279361154515,-0.18562128951720988,167.91110452311386,477.640625,42
B1_Pixel_Diff,geometric_misregistration,medium,test,frozen_m5_val_f1,0.41,0.11715664870056179,0.18651303915930667,0.1439145458399819,0.07753659483588336,0.8869597837328911,1275265,9609862,5562139,117770462,0.014024479726414601,-10.79719192240038,0.008080749615259439,-11.63436941785279,44874,0.4691485237618699,0.035228360700354316,166.3009299920759,514.46875,42
B2_SSIM,geometric_misregistration,medium,test,frozen_m5_val_f1,0.9,0.06967339299911364,0.5472119242917342,0.12360842570355292,0.06587560261769983,0.6047089099884033,3741509,49959177,3095895,77421147,-0.001031357962354651,0.827470918209525,-0.000586180340216555,0.881981063595186,1947255,4.055773897158294,1.5286937093989492,166.3009299920759,514.46875,42
B3_CVA,geometric_misregistration,medium,test,frozen_m5_val_f1,0.405,0.11610452405142645,0.195297513500738,0.14563119131570765,0.07853410315881852,0.8832655474543571,1335328,10165757,5502076,117214567,0.01403661780334875,-10.666562783480186,0.008102615620410134,-11.504251725468011,49508,0.48939087995955816,0.03886628518859789,166.3009299920759,514.46875,42
B1_Pixel_Diff,geometric_misregistration,strong,test,frozen_m5_val_f1,0.41,0.1170868057986183,0.1959468827642772,0.14658354961342016,0.07908829641759477,0.8837680593132973,1339768,10102751,5497636,117277573,0.016693483499852863,-12.852009394819449,0.009632451196970843,-13.868452923398625,537763,5.622202557912252,0.42217116671802474,166.09055960157093,514.484375,42
B2_SSIM,geometric_misregistration,strong,test,frozen_m5_val_f1,0.9,0.06685271765444643,0.5625812077215271,0.11950446622348634,0.06354945495855072,0.5776819959282875,3846595,53691754,2990809,73688570,-0.005135317442421225,4.120127050433799,-0.002912327999365666,4.381958878848845,5679832,11.830045045895059,4.4589555291129574,166.09055960157093,514.484375,42
B3_CVA,geometric_misregistration,strong,test,frozen_m5_val_f1,0.405,0.11602696630850555,0.20498525463757883,0.14818013571869215,0.08001865547338263,0.8799418210983276,1401567,10678099,5435837,116702225,0.016585562206333254,-12.603530497992455,0.009587167934974244,-13.612048062659582,561850,5.553936048826003,0.44108068056099464,166.09055960157093,514.484375,42
B1_Pixel_Diff,localized_occlusion_shadow,mild,test,frozen_m5_val_f1,0.41,0.10396834078581728,0.16889158516887404,0.1287061690811287,0.06877924084104388,0.8835110738873482,1154780,9952255,5682624,117428069,-0.0011838970324385967,0.9114607974742851,-0.0006766043795800453,0.9741503791809553,387267,4.0487975520722035,0.3040241913656932,149.2487656723256,514.484375,42
B2_SSIM,localized_occlusion_shadow,mild,test,frozen_m5_val_f1,0.9,0.07033211682199578,0.5340044262413044,0.12429386281852671,0.06626510430109094,0.616676963865757,3651204,48262547,3186200,79117777,-0.0003459208473808595,0.27753646324362036,-0.00019667865682544694,0.29592744592781073,250625,0.522005763485161,0.19675330704921112,149.2487656723256,514.484375,42
B3_CVA,localized_occlusion_shadow,mild,test,frozen_m5_val_f1,0.405,0.10314055413581853,0.17698354521686885,0.1303292431373911,0.06970705545830401,0.8796746209263802,1210108,10522503,5627296,116857821,-0.001265330374967788,0.9615368941098111,-0.0007244320801043785,1.0285627997127338,406254,4.015856074717021,0.3189299471400308,149.2487656723256,514.484375,42
B1_Pixel_Diff,localized_occlusion_shadow,medium,test,frozen_m5_val_f1,0.41,0.10113614945797944,0.17343994884608252,0.12776821214100714,0.0682438002439418,0.8793660402297974,1185879,10539691,5651525,116840633,-0.0021218539725601504,1.6335767900102087,-0.0012120449766821195,1.7450582781508215,974703,10.190321200612065,0.765191176621595,149.60240912506606,516.421875,42
B2_SSIM,localized_occlusion_shadow,medium,test,frozen_m5_val_f1,0.9,0.07000355628210521,0.5345328431667925,0.12379469625111753,0.06598142325030258,0.6145308837294579,3654817,48554202,3182587,78826122,-0.0008450874147900439,0.6780238138532638,-0.00048035970761380054,0.7227607900888913,542280,1.1294694680208803,0.4257172402858702,149.60240912506606,516.421875,42
B3_CVA,localized_occlusion_shadow,medium,test,frozen_m5_val_f1,0.405,0.10035202848538896,0.18169556749900986,0.12929391368638446,0.06911503342631929,0.8753336668014526,1242326,11137354,5595078,116242970,-0.002300659825974438,1.7482938426472183,-0.0013164541120890966,1.8691272300207986,1021105,10.093711611883021,0.8016190946413357,149.60240912506606,516.421875,42
B1_Pixel_Diff,localized_occlusion_shadow,strong,test,frozen_m5_val_f1,0.41,0.09721476741941242,0.18169088736017355,0.12665958580800168,0.06761162298558107,0.8723590597510338,1242294,11536567,5595110,115843757,-0.0032304803055656084,2.4870880447016552,-0.0018442222350428528,2.6552441039119876,1971579,20.61245659691366,1.5477892802345203,149.94608301617518,523.453125,42
B2_SSIM,localized_occlusion_shadow,strong,test,frozen_m5_val_f1,0.9,0.06951377115888471,0.5358328979829187,0.1230625932165203,0.06556563515211383,0.6109698489308357,3663706,49041045,3173698,78339279,-0.0015771904493872696,1.2653988983283793,-0.0008961478058025496,1.3483655808180628,1029123,2.1434738646788603,0.8079136303657071,149.94608301617518,523.453125,42
B3_CVA,localized_occlusion_shadow,strong,test,frozen_m5_val_f1,0.405,0.09643572349708483,0.1901818292439645,0.1279776630826983,0.06836332054319491,0.8679696395993233,1300350,12183761,5537054,115196563,-0.003616910429660586,2.7485255152416284,-0.0020681669952134774,2.9364238460612437,2067512,20.437535691341722,1.623101539606698,149.94608301617518,523.453125,42
